{"trades":[],"strategies":[],"reflections":[],"dailyPlans":[],"weeklyReviews":[],"settings":[{"id":"settings","tradingWindow":{"start":"09:45","end":"10:21"},"activeAccountId":1746605411154,"backupFrequency":{"type":"daily","interval":1},"autoBackupDownload":true,"backupRetention":{"maxBackups":10,"maxAgeDays":30},"conditionTypes":["Price Action"]}],"accounts":[{"id":1746605411154,"name":"FN 50K Phase 1","initialBalance":50000,"maxDrawdown":10,"dailyDrawdown":5,"maxTradesPerDay":2,"maxLossPerDay":1,"profitSplit":80,"isPropFirm":true,"brokerId":1747469918341}],"pairs":[{"id":1747469771511,"name":"EURUSD","market_type":"forex"},{"id":1747469771512,"name":"USDJPY","market_type":"forex"},{"id":1747469771513,"name":"NAS100","market_type":"indices"},{"id":1747469771514,"name":"US30","market_type":"indices"},{"id":1747469771515,"name":"GBPUSD","market_type":"forex"},{"id":1747469771516,"name":"AUDUSD","market_type":"forex"},{"id":1747469771517,"name":"XAUUSD","market_type":"commodities"},{"id":1747469990424,"name":"USDAUD","market_type":"forex"}],"columnPrefs":[{"id":"columnPrefs","visibleColumns":["trade-num","date","time","pair","lot-size","outcome","profit-loss","balance","actions"],"recordsPerPage":20}],"deleted":[],"analytics":[],"afterMarketTemplates":[],"brokers":[{"name":"Funded Next","multipliers":{"forex":10,"indices":1,"commodities":1,"crypto":0.01,"commodities_exceptions":{"XAGUSD":5,"XAUUSD":100}},"id":1747469918341}],"dashboard":[{"id":"activeTemplate","data":{"name":"Default"}},{"id":"templates","data":[{"name":"Default","layout":{"metrics":["account-balance","trade-win","daily-win","current-streak"],"tables":["recent-trades","trading-calendar"],"charts":[["drawdown","balance"],["daily-net-pnl","net-cumulative"],["cumulative-daily-net","trade-count"]]},"settings":{}}]}],"images":[],"planTemplates":[],"preMarketTemplates":[],"reportTemplates":[],"strategyVersions":[],"weeklyReviewTemplates":[]}