{"trades":[{"id":1747470787068,"accountId":1746605411154,"date":"2025-05-16","tradeTime":"10:32","pair":"NAS100","adherence":2,"strategyId":1747470487152,"tradeType":"Day Trade","timeframe":"M5","setupScore":3,"risk":250,"plannedRisk":250,"actualRisk":500,"plannedRR":3,"actualRR":2,"lotSize":1,"stopLoss":20,"entryPrice":18500,"slPrice":18550,"exitPrice":18200,"holdTime":30,"exitReason":"Structure","session":"New York","mood":"Stressed","mistakes":["No Stop Loss","Poor Timing","Ignoring Plan","Test 2"],"emotions":["Test","Frustrated","Greedy"],"customTags":[],"notes":"dsdasd","screenshots":[{"base64":"","caption":"15 TF","filename":"trade_1747470787068_image_1.jpg"},{"base64":"","caption":"30M","filename":"trade_1747470787068_image_2.jpg"}],"outsideWindow":false,"profitLoss":1000,"balance":null,"disciplineScore":0,"strategy":"Extreme","outcome":"Win","screenshotFilenames":["trade_1747470787068_image_1.jpg","trade_1747470787068_image_2.jpg"]}],"strategies":[{"id":1747470487152,"accountId":1746605411154,"name":"Extreme","description":"aksldask lakdlaskdl kk","marketType":"indices","timeframes":["M5","M15","M30"],"tags":["HT"],"entryConditions":[{"id":"cond17474704871500.5038595267993683","type":"FVG","description":"jdaskdj","params":{"value":"3"}},{"id":"cond17474704871500.20826393261894427","type":"OB","description":"asda","params":{"value":"4"}}],"exitConditions":[{"id":"cond17474704871500.7354894922562506","type":"2R","description":"sda","params":{"value":"3"}}],"riskSettings":{"riskPercent":0.5,"stopLossPips":10,"rr":3},"createdAt":"2025-05-17T08:28:07.152Z","lastUsed":"2025-05-16"},{"id":1747470495476,"accountId":1746605411154,"name":"Extreme (Copy)","description":"aksldask lakdlaskdl kk","marketType":"forex","timeframes":["M5","M15","M30"],"tags":["HT"],"entryConditions":[{"id":"cond17474705026660.8392284362601782","type":"FVG","description":"jdaskdj","params":{"value":"3"}},{"id":"cond17474705026660.9463854547807592","type":"OB","description":"asda","params":{"value":"4"}}],"exitConditions":[{"id":"cond17474705026660.5403167823166984","type":"2R","description":"sda","params":{"value":"3"}}],"riskSettings":{"riskPercent":0.5,"stopLossPips":10,"rr":3},"createdAt":"2025-05-17T08:28:15.476Z","lastUsed":null},{"id":1747470653750,"accountId":1747470628033,"name":"Extreme","description":"aksldask lakdlaskdl kk","marketType":"indices","timeframes":["M5","M15","M30"],"tags":["HT"],"entryConditions":[{"id":"cond17474704871500.5038595267993683","type":"FVG","description":"jdaskdj","params":{"value":"3"}},{"id":"cond17474704871500.20826393261894427","type":"OB","description":"asda","params":{"value":"4"}}],"exitConditions":[{"id":"cond17474704871500.7354894922562506","type":"2R","description":"sda","params":{"value":"3"}}],"riskSettings":{"riskPercent":0.5,"stopLossPips":10,"rr":3},"createdAt":"2025-05-17T08:30:53.751Z","lastUsed":null},{"id":1747470653751,"accountId":1747470628033,"name":"Extreme account 2","description":"aksldask lakdlaskdl kk","marketType":"forex","timeframes":["M5","M15","M30"],"tags":["HT"],"entryConditions":[{"id":"cond17474706800800.12784614496117253","type":"FVG","description":"jdaskdj","params":{"value":"3"}},{"id":"cond17474706800800.3072863853272386","type":"OB","description":"asda","params":{"value":"4"}}],"exitConditions":[{"id":"cond17474706800800.8371983432484883","type":"2R","description":"sda","params":{"value":"3"}}],"riskSettings":{"riskPercent":0.5,"stopLossPips":10,"rr":3},"createdAt":"2025-05-17T08:30:53.751Z","lastUsed":null}],"reflections":[{"tradeId":1747470787068,"accountId":1746605411154,"notes":"dsdasd","lessons":"","checklist":{"planFollowed":true,"riskManaged":false,"emotionsControlled":false,"setupValid":false},"reviewScreenshot":null}],"dailyPlans":[{"id":1747471161416,"accountId":1746605411154,"date":"2025-05-12","gamePlan":"<p>Whasad adasdasdasd</p><p>sjadhasjdh hajh jahdasjdh ajda</p><p>asdasd</p><p>asidjaskdjk</p><p>adad</p><p>asdasdsadsd32423&nbsp;</p><p>&nbsp;</p><p>asdasdaskd</p>","afterMarketReview":"","createdAt":"2025-05-17T08:39:21.416Z"},{"id":1747471182571,"accountId":1746605411154,"date":"2025-05-16","gamePlan":"<p>Whasad adasdasdasd</p><p>sdfsdf</p><p>&nbsp;</p><p>asidjaskdjk</p><p>&nbsp;</p><p>sdfsdfs</p><p>&nbsp;</p><p>asdasdaskd</p>","afterMarketReview":"","createdAt":"2025-05-17T08:39:42.571Z"}],"weeklyReviews":[],"settings":[{"id":"settings","tradingWindow":{"start":"09:45","end":"10:21"},"activeAccountId":1746605411154,"backupFrequency":{"type":"daily","interval":1},"autoBackupDownload":false,"backupRetention":{"maxBackups":10,"maxAgeDays":30},"conditionTypes":["Price Action","FVG","OB","Breaker","2R"]}],"accounts":[{"id":1746605411154,"name":"FN 50K Phase 1","initialBalance":50000,"maxDrawdown":10,"dailyDrawdown":5,"maxTradesPerDay":2,"maxLossPerDay":1,"profitSplit":80,"isPropFirm":true,"brokerId":1747469918341},{"name":"FN 50K Phase 2","initialBalance":50000,"dailyDrawdown":5,"maxTradesPerDay":2,"maxLossPerDay":1,"isPropFirm":true,"brokerId":1747469918341,"maxDrawdown":10,"profitSplit":80,"id":1747470628033,"createdAt":"2025-05-17T08:30:28.033Z"}],"pairs":[{"id":1747469771511,"name":"EURUSD","market_type":"forex"},{"id":1747469771512,"name":"USDJPY","market_type":"forex"},{"id":1747469771513,"name":"NAS100","market_type":"indices"},{"id":1747469771514,"name":"US30","market_type":"indices"},{"id":1747469771515,"name":"GBPUSD","market_type":"forex"},{"id":1747469771516,"name":"AUDUSD","market_type":"forex"},{"id":1747469771517,"name":"XAUUSD","market_type":"commodities"},{"id":1747469990424,"name":"USDAUD","market_type":"forex"}],"columnPrefs":[{"id":"columnPrefs","visibleColumns":["trade-num","date","time","pair","type","timeframe","lot-size","outcome","profit-loss","balance","actions"],"recordsPerPage":20}],"deleted":[],"analytics":[],"afterMarketTemplates":[],"brokers":[{"name":"Funded Next","multipliers":{"forex":10,"indices":1,"commodities":1,"crypto":0.01,"commodities_exceptions":{"XAGUSD":5,"XAUUSD":100}},"id":1747469918341}],"dashboard":[{"id":"activeTemplate","data":{"name":"Default"}},{"id":"templates","data":[{"name":"Default","layout":{"metrics":["account-balance","trade-win","daily-win","current-streak"],"tables":["recent-trades","trading-calendar"],"charts":[["drawdown","balance"],["daily-net-pnl","net-cumulative"],["cumulative-daily-net","trade-count"]]},"settings":{}}]}],"images":[],"planTemplates":[],"preMarketTemplates":[{"id":1747471123993,"name":"morning setup game plan","content":"<p>Whasad adasdasdasd</p><p>&nbsp;</p><p>&nbsp;</p><p>asidjaskdjk</p><p>&nbsp;</p><p>&nbsp;</p><p>&nbsp;</p><p>asdasdaskd</p>","accountId":1746605411154}],"reportTemplates":[],"strategyVersions":[],"weeklyReviewTemplates":[]}